iteration,G_loss,D_fake_loss,D_real_loss
0,0.697799563407898,0.688887894153595,0.7083548307418823
500,4.619532585144043,0.35343047976493835,0.23112349212169647
